{"stats":{"minecraft:custom":{"minecraft:interact_with_crafting_table":43,"minecraft:open_barrel":215,"minecraft:leave_game":13,"minecraft:time_since_death":135828,"minecraft:damage_resisted":3659,"minecraft:sprint_one_cm":2164070,"minecraft:drop":337,"minecraft:talked_to_villager":9,"minecraft:play_time":1210825,"minecraft:deaths":9,"minecraft:jump":8841,"minecraft:interact_with_brewingstand":1,"minecraft:walk_on_water_one_cm":349951,"minecraft:enchant_item":15,"minecraft:interact_with_furnace":58,"minecraft:sleep_in_bed":6,"minecraft:damage_dealt":34208,"minecraft:crouch_one_cm":39383,"minecraft:interact_with_smithing_table":3,"minecraft:interact_with_smoker":23,"minecraft:interact_with_anvil":50,"minecraft:mob_kills":521,"minecraft:damage_dealt_resisted":3398,"minecraft:climb_one_cm":31986,"minecraft:walk_one_cm":929144,"minecraft:sneak_time":19356,"minecraft:walk_under_water_one_cm":445529,"minecraft:interact_with_blast_furnace":58,"minecraft:total_world_time":1210825,"minecraft:interact_with_grindstone":6,"minecraft:time_since_rest":135857,"minecraft:damage_taken":21812,"minecraft:damage_absorbed":9762,"minecraft:trigger_trapped_chest":4,"minecraft:swim_one_cm":488803,"minecraft:open_chest":797,"minecraft:fly_one_cm":2322653,"minecraft:fall_one_cm":289255},"minecraft:killed":{"mythicmounts:archelon":1,"ddenizens:headless":2,"minecraft:zombified_piglin":13,"born_in_chaos_v1:zombie_lumberjack":1,"irons_spellbooks:pyromancer":4,"darkestsouls:ashen_blood_beast_patient":2,"minecraft:spider":2,"player_companions:fairy":1,"mozombies_wave:nether_zombie":5,"irons_spellbooks:cryomancer":4,"bonesupdate:minion":1,"irons_spellbooks:summoned_polar_bear":1,"darkestsouls:leech":4,"born_in_chaos_v1:siamese_skeletonsright":1,"minecraft:pufferfish":7,"undead_revamp2:theswarmer":2,"faded_conquest_2:demon":4,"deep_dark_regrowth:sculk_parasite":2,"minecraft:guardian":8,"ddenizens:shadow":1,"irons_spellbooks:apothecarist":4,"minecraft:chicken":1,"undead_revamp2:therod":1,"minecraft:silverfish":11,"darkestsouls:beast_patient":1,"luminousworld:bass_fish":1,"irons_spellbooks:archevoker":3,"darkestsouls:hollow_longsword":1,"darkestsouls:hollow_assassin":1,"minecraft:piglin_brute":10,"minecraft:tropical_fish":13,"born_in_chaos_v1:firelight_not_despawn":1,"undead_revamp2:thespitter":2,"minecraft:piglin":5,"irons_spellbooks:dead_king":2,"realmrpg_creep:creepling":2,"born_in_chaos_v1:diamond_termite":2,"minecraft:salmon":1,"alexsmobs:seal":1,"cataclysm:deepling_warlock":1,"ddenizens:orc":1,"luminousworld:trout_fish":1,"darkestsouls:gravetender_hollow_broken_straightsword":1,"minecraft:creeper":12,"alexsmobs:crimson_mosquito":2,"cataclysm:deepling_brute":7,"minecraft:pillager":2,"enemyexpansion:meature":3,"minecraft:zombie":70,"born_in_chaos_v1:dread_hound":3,"cataclysm:deepling":22,"enemyexpansion:botfly":13,"mozombies_wave:zombie_dwarf":1,"minecraft:glow_squid":3,"irons_spellbooks:firefly_swarm":1,"born_in_chaos_v1:siamese_skeletonsleft":1,"piglinproliferation:piglin_alchemist":1,"darkestsouls:hollow_axe":1,"minecraft:vex":1,"darkestsouls:church_doctor":1,"alexsmobs:blobfish":24,"irons_spellbooks:summoned_zombie":12,"realmrpg_creep:halloweed":3,"luminous_beasts:crimson_spitter":1,"minecraft:vindicator":3,"illagerinvasion:marauder":2,"luminousworld:sunken_skeleton":4,"born_in_chaos_v1:thornshell_crab":1,"undead_revamp2:bomber":1,"alexsmobs:rattlesnake":1,"breeze_mob_mod:breeze":3,"born_in_chaos_v1:maggot":39,"minecraft:phantom":9,"cataclysm:the_leviathan":1,"permafrost_biome:icemonk":1,"ddenizens:magma_skeleton":8,"deep_dark_regrowth:annihilator":2,"darkestsouls:hollow_broken_straightsword":1,"frozen_zombie_castle:frozen_zombie":17,"alexsmobs:bison":3,"minecraft:drowned":18,"cataclysm:lionfish":2,"undead_revamp2:thehorrors":2,"minecraft:warden":3,"cataclysm:deepling_angler":10,"undead_revamp2:the_moonflower":2,"irons_spellbooks:citadel_keeper":39,"enemyexpansion:sprinter":2,"minecraft:hoglin":2,"born_in_chaos_v1:decrepit_skeleton":3,"alexsmobs:catfish":1,"born_in_chaos_v1:decaying_zombie":1,"luminousworld:swamp_zombie":2,"cataclysm:deepling_priest":1,"darkestsouls:cloaked_beast_patient":5,"mutantmonsters:mutant_zombie":1,"cataclysm:coralssus":8},"minecraft:broken":{"irons_spellbooks:pyromancer_chestplate":1},"minecraft:used":{"minecraft:chest":8,"minecraft:stone":30,"travelersbackpack:diamond":2,"minecraft:carrot":40,"enchantinginfuser:advanced_enchanting_infuser":1,"sniffsweapons:diamond_great_pickaxe":419,"alexscaves:cooked_trilocaris_tail":15,"minecraft:grass_block":1,"simplytools:diamond_hammer":8543,"mobcapturingtool:mob_capturing_tool":3,"regions_unexplored:redwood_boat":1,"exploration_:green_apple":8,"minecraft:furnace":1,"minecraft:golden_apple":10,"minecraft:diamond_axe":143,"regions_unexplored:redwood_planks":223,"minecraft:blast_furnace":1,"minecraft:shears":53,"born_in_chaos_v1:holiday_candy":16,"trailsandtalesplus:prismarine_door":1,"minecraft:bread":10,"regions_unexplored:blackwood_planks":68,"minecraft:nether_wart_block":20,"minecraft:diamond_sword":676,"irons_spellbooks:magehunter":41,"minecraft:flint_and_steel":1,"minecraft:trident":18,"minecraft:cracked_deepslate_bricks":2,"minecraft:torch":62,"minecraft:oak_wood":7,"irons_spellbooks:arcane_debris":4,"minecraft:totem_of_undying":2,"minecraft:golden_carrot":85,"minecraft:netherite_pickaxe":139,"minecraft:cooked_beef":9,"minecraft:cobbled_deepslate":67,"minecraft:enchanted_golden_apple":25,"alexscaves:dinosaur_nugget":36,"minecraft:glass_bottle":65,"minecraft:deepslate_bricks":1,"minecraft:cracked_stone_bricks":3,"minecraft:tnt":16,"minecraft:diamond_shovel":163,"netherexp:cooked_hogham":14,"minecraft:cobblestone":52,"minecraft:potion":45,"minecraft:cooked_porkchop":36},"minecraft:mined":{"minecraft:dark_oak_planks":2,"minecraft:large_amethyst_bud":1,"minecraft:spruce_planks":4,"minecraft:cobbled_deepslate_stairs":2,"irons_spellbooks:armor_pile":42,"minecraft:sculk_vein":6,"minecraft:cobblestone_stairs":1,"minecraft:obsidian":1,"minecraft:spruce_trapdoor":1,"cataclysm:stone_pillar":1,"minecraft:cave_vines_plant":2,"minecraft:granite":17,"minecraft:red_sand":4,"minecraft:deepslate_tile_wall":3,"minecraft:stone_brick_wall":3,"minecraft:grass_block":1,"darkestsouls:deepslate_siderite_ore":6,"minecraft:coal_block":3,"minecraft:deepslate_bricks":11,"minecraft:bamboo_block":1,"minecraft:chiseled_stone_bricks":1,"minecraft:spawner":7,"minecraft:tall_seagrass":2,"minecraft:magma_block":14,"minecraft:fire":5,"minecraft:cobbled_deepslate":5,"regions_unexplored:redwood_planks":5,"minecraft:anvil":1,"minecraft:dark_oak_stairs":1,"minecraft:sculk_shrieker":1,"minecraft:cave_vines":4,"minecraft:polished_deepslate_slab":5,"minecraft:iron_bars":7,"minecraft:purple_carpet":3,"minecraft:deepslate_redstone_ore":10,"minecraft:conduit":1,"regions_unexplored:dead_steppe_shrub":1,"expore:exp_ore":19,"minecraft:cyan_terracotta":1,"minecraft:amethyst_cluster":5,"terramity:deepslate_sapphire_ore":5,"minecraft:crimson_nylium":3,"minecraft:kelp_plant":6,"minecraft:orange_terracotta":1,"minecraft:powder_snow":4,"expore:deepslate_exp_ore":85,"irons_spellbooks:arcane_debris":7,"minecraft:blast_furnace":1,"minecraft:dark_oak_wood":1,"regions_unexplored:mycotoxic_daisy":1,"minecraft:polished_andesite_stairs":1,"minecraft:oxidized_copper":1,"regions_unexplored:small_desert_shrub":1,"minecraft:chest":1,"regions_unexplored:cobalt_roots":3,"minecraft:cobblestone":4,"minecraft:white_candle":1,"minecraft:damaged_anvil":1,"minecraft:prismarine":2,"minecraft:wall_torch":2,"minecraft:amethyst_block":1,"minecraft:tnt":8,"minecraft:stone_brick_stairs":11,"minecraft:grass":6,"luminousworld:grassvariant_4":1,"minecraft:brown_concrete":1,"minecraft:sand":162,"minecraft:dirt":3,"minecraft:oak_leaves":3,"luminousworld:grassvariant_3":1,"regions_unexplored:cobalt_nylium":3,"minecraft:cut_red_sandstone":25,"minecraft:smooth_basalt":1,"darkestsouls:deepslate_cinnabar_ore":2,"minecraft:netherrack":13,"minecraft:deepslate":5894,"regions_unexplored:mycotoxic_grass":15,"minecraft:suspicious_gravel":1,"minecraft:infested_deepslate":12,"minecraft:yellow_terracotta":2,"minecraft:deepslate_tiles":24,"minecraft:crying_obsidian":4,"minecraft:tuff":649,"deep_dark_regrowth:short_infected_mushroom":1,"enchantinginfuser:enchanting_infuser":1,"minecraft:deepslate_diamond_ore":34,"regions_unexplored:cypress_leaves":3,"minecraft:mossy_cobblestone":4,"minecraft:candle":1,"minecraft:purple_candle":1,"minecraft:decorated_pot":3,"cataclysm:chiseled_stone_brick_pillar":1,"luminousworld:grassvariant_2":1,"minecraft:kelp":1,"minecraft:moss_block":1,"minecraft:sandstone":4,"netherexp:warped_wart_beard":1,"minecraft:deepslate_brick_slab":1,"minecraft:carrots":32,"minecraft:furnace":1,"minecraft:red_sandstone":2,"deep_dark_regrowth:sculk_moss_4":1,"minecraft:green_terracotta":4,"deep_dark_regrowth:sculk_moss_3":1,"trailsandtalesplus:prismarine_door":1,"minecraft:gold_block":3,"minecraft:polished_deepslate":1,"minecraft:deepslate_iron_ore":3,"trailsandtalesplus:limestone":2,"trailsandtalesplus:voidum_deepslate_ore":31,"minecraft:packed_ice":48,"minecraft:stone":736,"regions_unexplored:redwood_log":56,"trailsandtalesplus:toughen_deepslate":1053,"deep_dark_regrowth:pulse_flower":1,"valhelsia_structures:doused_wall_torch":4,"minecraft:pink_terracotta":4,"regions_unexplored:blackwood_planks":1,"minecraft:basalt":2,"expore:nether_exp_ore":3,"regions_unexplored:mycotoxic_moss":4,"galosphere:deepslate_silver_ore":34,"minecraft:fire_coral":1,"deep_dark_regrowth:infected_mushroom":1,"minecraft:warped_roots":1,"regions_unexplored:blackwood_log":69,"minecraft:tall_grass":2,"minecraft:deepslate_gold_ore":11,"minecraft:cracked_deepslate_bricks":7,"minecraft:sculk":31,"minecraft:diorite":7,"minecraft:warped_wart_block":3,"terramity:igneostone":1,"minecraft:prismarine_bricks":2,"minecraft:spruce_stairs":1,"minecraft:purple_wool":53,"deep_dark_regrowth:sculk_moss":2,"deep_dark_regrowth:sculk_exhaler":2,"minecraft:ice":10,"minecraft:spruce_log":3,"deep_dark_regrowth:apatine_plant":2,"minecraft:dark_prismarine_slab":1,"faded_conquest_2:terrible_tensummon":1,"minecraft:coal_ore":49,"darkestsouls:cinnabar_ore":3,"regions_unexplored:mycotoxic_mushrooms":2,"minecraft:gravel":3,"terramity:deepslate_iridescent_ore":3,"minecraft:cobweb":7,"minecraft:cracked_stone_bricks":18,"regions_unexplored:blackwood_leaves":3,"minecraft:terracotta":5,"regions_unexplored:blackstone_cluster":1,"minecraft:small_dripleaf":1,"minecraft:polished_andesite":6,"minecraft:stone_bricks":41,"minecraft:mossy_stone_bricks":2,"minecraft:chipped_anvil":1},"minecraft:crafted":{"minecraft:oak_planks":4,"irons_spellbooks:mana_upgrade_orb":14,"irons_spellbooks:archevoker_helmet":1,"irons_spellbooks:cooldown_upgrade_orb":3,"minecraft:stone":424,"minecraft:diamond_shovel":1,"cataclysm:abyssal_sacrifice":1,"minecraft:diamond_leggings":1,"minecraft:chest":7,"phantomsandnightmares:insanity_pill":2,"minecraft:cooked_porkchop":36,"irons_spellbooks:shriving_stone":32,"irons_spellbooks:archevoker_leggings":1,"minecraft:clock":1,"minecraft:gold_block":1,"enchantinginfuser:advanced_enchanting_infuser":1,"irons_spellbooks:archevoker_chestplate":1,"minecraft:emerald_block":1,"minecraft:stick":28,"minecraft:iron_ingot":22,"minecraft:iron_block":1,"minecraft:gold_ingot":41,"irons_spellbooks:magic_cloth":27,"irons_spellbooks:evocation_rune":4,"minecraft:shears":1,"irons_spellbooks:arcane_ingot":55,"regions_unexplored:blackwood_planks":200,"irons_spellbooks:blank_rune":35,"irons_spellbooks:eldritch_manuscript":1,"alexscaves:dinosaur_nugget":36,"minecraft:diamond_block":1,"irons_spellbooks:cooldown_rune":27,"irons_spellbooks:upgrade_orb":21,"netherexp:cooked_hogham":14,"minecraft:dried_kelp":43,"irons_spellbooks:arcane_salvage":27,"irons_spellbooks:arcane_rune":50,"irons_spellbooks:archevoker_boots":1,"minecraft:air":0,"simplytools:diamond_hammer":1,"regions_unexplored:redwood_planks":148,"minecraft:golden_apple":8,"regions_unexplored:redwood_boat":1,"minecraft:torch":20,"simplytools:diamond_hammer_head":1},"minecraft:killed_by":{"irons_spellbooks:citadel_keeper":1,"minecraft:warden":2,"cataclysm:the_leviathan":5},"minecraft:dropped":{"minecraft:moss_block":1,"minecraft:dark_oak_stairs":1,"traveloptics:augment_chaos_mythic":1,"minecraft:glass_bottle":30,"cataclysm:lionfish":1,"minecraft:cooked_porkchop":28,"minecraft:glow_berries":1,"minecraft:lantern":1,"minecraft:deepslate_tile_wall":3,"minecraft:leather":1,"traveloptics:augment_sacred_void_legendary":1,"minecraft:cracked_stone_bricks":4,"regions_unexplored:redwood_sapling":1,"trailsandtalesplus:banana":1,"minecraft:emerald":3,"minecraft:dirt":1,"minecraft:dark_oak_log":4,"born_in_chaos_v1:monster_skin":1,"irons_spellbooks:cinder_essence":11,"minecraft:gold_nugget":201,"irons_spellbooks:arcane_essence":4,"gravestone:obituary":12,"minecraft:amethyst_shard":9,"irons_spellbooks:invisibility_ring":1,"traveloptics:augment_bruteforce_epic":2,"minecraft:gravel":2,"trailsandtalesplus:limestone":2,"minecraft:pink_terracotta":3,"darkestsouls:blood_stone_fragment":4,"minecraft:blackstone":2,"irons_spellbooks:blank_rune":3,"minecraft:iron_nugget":816,"born_in_chaos_v1:fire_dust":1,"minecraft:cobbled_deepslate":1137,"cataclysm:chiseled_stone_brick_pillar":1,"trailsandtalesplus:toughen_deepslate":152,"minecraft:wheat":4,"minecraft:deepslate_brick_slab":2,"minecraft:rotten_flesh":86,"minecraft:oak_planks":2,"regions_unexplored:redwood_planks":20,"darkestsouls:beast_blood_clump":6,"minecraft:carrot":2,"deep_dark_regrowth:sculk_remnants":2,"regions_unexplored:mycotoxic_grass":18,"piglinproliferation:buckler":2,"minecraft:chiseled_stone_bricks":1,"minecraft:leather_chestplate":1,"luminousworld:grassflowers":4,"alexsmobs:blood_sac":2,"minecraft:deepslate_tiles":24,"minecraft:turtle_helmet":1,"minecraft:gunpowder":8,"minecraft:mangrove_log":1,"minecraft:trident":1,"born_in_chaos_v1:corpse_maggot":20,"traveloptics:augment_chaos_epic":1,"minecraft:leather_leggings":2,"minecraft:iron_ingot":1,"minecraft:iron_bars":5,"minecraft:arrow":4,"minecraft:stone_brick_stairs":1,"minecraft:splash_potion":1,"minecraft:netherrack":16,"minecraft:brown_concrete":3,"minecraft:purple_carpet":3,"minecraft:egg":1,"darkestsouls:cinnabar":7,"minecraft:wheat_seeds":4,"traveloptics:augment_sacred_void_epic":2,"minecraft:mossy_cobblestone":2,"regions_unexplored:mycotoxic_mushrooms":4,"minecraft:mangrove_propagule":1,"minecraft:golden_axe":2,"minecraft:yellow_terracotta":2,"minecraft:cobblestone":11,"minecraft:lead":1,"minecraft:apple":7,"minecraft:granite":16,"cataclysm:stone_pillar":3,"terramity:stygian_bud":2,"minecraft:bamboo_block":1,"minecraft:grass_block":1,"minecraft:stick":28,"deep_dark_regrowth:pulse_flower_petal":2,"irons_spellbooks:scroll":1,"illagerinvasion:platinum_chunk":1,"galosphere:raw_silver":38,"minecraft:diorite":6,"born_in_chaos_v1:river_mint":4,"minecraft:golden_carrot":1,"cataclysm:coral_chunk":3,"minecraft:sculk_catalyst":1,"minecraft:torch":1,"minecraft:nether_wart_block":1,"regions_unexplored:mycotoxic_daisy":2,"born_in_chaos_v1:fused_bone":1,"regions_unexplored:dead_steppe_shrub":1,"regions_unexplored:blackwood_planks":64,"irons_spellbooks:common_ink":1,"minecraft:white_banner":2,"minecraft:chipped_anvil":2,"minecraft:string":6,"minecraft:moss_carpet":1,"minecraft:kelp":1,"minecraft:green_terracotta":2,"minecraft:tuff":130,"irons_spellbooks:keeper_flamberge":6,"minecraft:damaged_anvil":2,"regions_unexplored:blackstone_cluster":1,"galosphere:silver_nugget":1,"minecraft:diamond_sword":3,"bossominium:vex_wing":4,"minecraft:stone":1,"terramity:iridescent_shard":9,"luminousworld:groundpebbles_1":4,"regions_unexplored:blackwood_sapling":5,"minecraft:mossy_stone_bricks":2,"terramity:accursed_soul":17,"traveloptics:augment_bruteforce_legendary":1,"trailsandtalesplus:voidum":53,"minecraft:carved_pumpkin":2,"minecraft:stone_bricks":13,"minecraft:spruce_log":1,"minecraft:sandstone":4,"minecraft:bow":2,"minecraft:purple_candle":4,"minecraft:cracked_deepslate_bricks":3,"luminousworld:purple_petunias":3,"cataclysm:coral_spear":1,"frozen_zombie_castle:frozen_rotten_flesh":11,"regions_unexplored:cobalt_roots":5,"minecraft:terracotta":3,"traveloptics:augment_riftcore_epic":3},"minecraft:picked_up":{"irons_spellbooks:scroll":22,"minecraft:wheat":4,"illagerinvasion:platinum_chunk":1,"minecraft:anvil":1,"minecraft:lead":1,"minecraft:diamond_sword":5,"netherexp:hogham":8,"minecraft:stone_brick_stairs":1,"piglinproliferation:buckler":2,"darkestsouls:beast_blood_clump":6,"minecraft:polished_deepslate":1,"minecraft:string":14,"irons_spellbooks:nature_rune":4,"trailsandtalesplus:prismarine_door":1,"minecraft:pufferfish":1,"alexsmobs:blood_sac":3,"irons_spellbooks:arcane_essence":222,"minecraft:sea_pickle":14,"minecraft:deepslate_tiles":24,"minecraft:red_sand":4,"minecraft:gold_nugget":229,"minecraft:cobbled_deepslate":1387,"minecraft:spruce_planks":2,"minecraft:rose_bush":1,"frozen_zombie_castle:frozen_rotten_flesh":14,"minecraft:azalea":1,"irons_spellbooks:blank_rune":7,"minecraft:deepslate_tile_wall":6,"traveloptics:augment_sacred_void_legendary":1,"minecraft:coal_block":3,"regions_unexplored:blackwood_log":50,"minecraft:mangrove_log":1,"regions_unexplored:redwood_log":38,"minecraft:furnace":1,"regions_unexplored:blackwood_planks":1,"minecraft:stick":7,"minecraft:brown_terracotta":3,"cataclysm:chiseled_stone_brick_pillar":1,"traveloptics:abyssal_spellweave_ingot":2,"minecraft:torch":3,"minecraft:spruce_stairs":1,"deeperdarker:heart_of_the_deep":2,"minecraft:porkchop":11,"minecraft:golden_axe":2,"minecraft:pointed_dripstone":3,"minecraft:diorite":6,"irons_spellbooks:fire_rune":4,"minecraft:pink_terracotta":3,"minecraft:green_terracotta":2,"minecraft:bamboo_block":1,"cataclysm:coral_chunk":4,"mutantmonsters:hulk_hammer":1,"luminousworld:grassflowers":4,"minecraft:rotten_flesh":100,"cataclysm:athame":2,"minecraft:carved_pumpkin":2,"minecraft:cyan_terracotta":1,"darkestsouls:titanite_fragment":2,"irons_spellbooks:arcane_debris":7,"minecraft:obsidian":1,"minecraft:iron_bars":7,"cataclysm:stone_pillar":3,"minecraft:cobblestone":717,"minecraft:magma_block":9,"minecraft:leather_chestplate":1,"minecraft:oxidized_copper":1,"trailsandtalesplus:voidum":53,"traveloptics:augment_bruteforce_epic":2,"alexsmobs:bison_fur":2,"regions_unexplored:dead_steppe_shrub":1,"darkestsouls:cinnabar":7,"minecraft:tuff":130,"minecraft:prismarine_bricks":2,"luminousworld:purple_petunias":3,"deep_dark_regrowth:mossy_fluorite":20,"irons_spellbooks:keeper_flamberge":6,"cataclysm:coral_spear":1,"terramity:stygian_bud":2,"minecraft:dirt":17,"minecraft:lantern":1,"regions_unexplored:cobalt_roots":5,"born_in_chaos_v1:monster_skin":1,"traveloptics:abyssal_tentacle":1,"minecraft:purple_carpet":3,"irons_spellbooks:hogskin":2,"minecraft:bone":1,"minecraft:chipped_anvil":2,"minecraft:bow":2,"minecraft:gray_terracotta":4,"minecraft:wheat_seeds":5,"trailsandtalesplus:banana":1,"minecraft:deepslate_brick_slab":2,"minecraft:raw_gold":18,"traveloptics:augment_sacred_void_epic":2,"cataclysm:abyssal_egg":1,"galosphere:raw_silver":38,"minecraft:mossy_stone_bricks":2,"minecraft:moss_block":1,"alexsmobs:blobfish":15,"minecraft:prismarine":2,"regions_unexplored:mycotoxic_mushrooms":4,"trailsandtalesplus:toughen_deepslate":260,"minecraft:cooked_porkchop":28,"irons_spellbooks:legendary_ink":8,"deep_dark_regrowth:sculk_remnants":5,"minecraft:warped_wart_block":2,"minecraft:sand":162,"minecraft:dark_oak_log":4,"minecraft:mossy_cobblestone":2,"galosphere:silver_nugget":2,"irons_spellbooks:ice_rune":4,"cataclysm:lionfish":1,"minecraft:polished_andesite":6,"minecraft:dark_prismarine_slab":1,"born_in_chaos_v1:fire_dust":1,"cataclysm:tidal_claws":1,"minecraft:diamond":53,"enchantinginfuser:enchanting_infuser":1,"minecraft:granite":16,"minecraft:bone_meal":2,"irons_spellbooks:invisibility_ring":1,"minecraft:emerald":4,"minecraft:light_gray_carpet":3,"irons_spellbooks:uncommon_ink":3,"minecraft:netherrack":16,"minecraft:crimson_roots":6,"luminousworld:groundpebbles_1":4,"regions_unexplored:mycotoxic_grass":18,"minecraft:purple_wool":49,"minecraft:splash_potion":3,"born_in_chaos_v1:river_mint":4,"minecraft:turtle_helmet":3,"irons_spellbooks:necronomicon_spell_book":1,"minecraft:leather_leggings":2,"regions_unexplored:mycotoxic_daisy":2,"minecraft:stone_brick_wall":3,"minecraft:conduit":1,"regions_unexplored:blackstone_cluster":1,"minecraft:gold_block":3,"gravestone:obituary":4,"minecraft:moss_carpet":6,"minecraft:netherite_scrap":22,"terramity:warden_soul":2,"minecraft:blackstone":2,"terramity:accursed_soul":17,"deeperdarker:warden_carapace":6,"minecraft:cracked_stone_bricks":10,"minecraft:beef":8,"irons_spellbooks:epic_ink":4,"valhelsia_structures:doused_torch":3,"minecraft:iron_nugget":1131,"deep_dark_regrowth:plasmatic_sculk":2,"bossominium:vex_wing":6,"regions_unexplored:redwood_planks":5,"minecraft:egg":1,"minecraft:phantom_membrane":35,"minecraft:spruce_trapdoor":3,"deep_dark_regrowth:soul_of_the_depths":2,"trailsandtalesplus:limestone":3,"minecraft:sandstone":4,"minecraft:polished_deepslate_slab":4,"minecraft:trident":3,"minecraft:carrot":123,"minecraft:redstone":6,"traveloptics:augment_chaos_mythic":1,"minecraft:dark_oak_planks":2,"irons_spellbooks:evocation_rune":3,"minecraft:tnt":8,"minecraft:purple_candle":4,"minecraft:arrow":6,"minecraft:deepslate_bricks":3,"minecraft:cracked_deepslate_bricks":6,"minecraft:yellow_terracotta":2,"minecraft:glow_berries":3,"born_in_chaos_v1:fused_bone":1,"born_in_chaos_v1:corpse_maggot":23,"minecraft:basalt":2,"born_in_chaos_v1:monster_flesh":2,"minecraft:golden_carrot":1,"minecraft:tripwire_hook":1,"traveloptics:augment_riftcore_epic":3,"minecraft:leather":1,"realmrpg_creep:creeping_sprout":2,"minecraft:crimson_fungus":2,"minecraft:brown_concrete":3,"minecraft:cobbled_deepslate_stairs":2,"minecraft:gunpowder":42,"minecraft:white_banner":2,"irons_spellbooks:rare_ink":6,"minecraft:orange_terracotta":1,"irons_spellbooks:common_ink":1,"minecraft:stone_bricks":21,"minecraft:kelp":44,"minecraft:red_sandstone":2,"deep_dark_regrowth:pulse_flower_petal":2,"minecraft:spore_blossom":1,"minecraft:iron_ingot":3,"regions_unexplored:redwood_sapling":1,"deep_dark_regrowth:short_infected_mushroom":1,"darkestsouls:blood_stone_fragment":4,"minecraft:glass_bottle":5,"irons_spellbooks:cinder_essence":46,"minecraft:dark_oak_stairs":1,"minecraft:sculk_catalyst":2,"minecraft:polished_andesite_stairs":1,"minecraft:chiseled_stone_bricks":1,"minecraft:gravel":3,"minecraft:amethyst_shard":11,"irons_spellbooks:blood_staff":1,"minecraft:blast_furnace":1,"minecraft:spruce_log":2,"minecraft:crying_obsidian":4,"minecraft:spider_eye":2,"terramity:iridescent_shard":9,"minecraft:cut_red_sandstone":20,"travelersbackpack:standard":1,"minecraft:oak_wood":8,"traveloptics:augment_bruteforce_legendary":1,"irons_spellbooks:magehunter":1,"regions_unexplored:blackwood_sapling":5,"darkestsouls:small_soul_fragment":2,"minecraft:terracotta":3,"minecraft:damaged_anvil":2,"minecraft:dark_oak_wood":1,"minecraft:mangrove_propagule":1,"minecraft:coal":79,"traveloptics:augment_chaos_epic":1}},"DataVersion":3465}